<?xml version="1.0" encoding="UTF-8"?>
<mule xmlns:doc="http://www.mulesoft.org/schema/mule/documentation" xmlns="http://www.mulesoft.org/schema/mule/core" xmlns:apikit="http://www.mulesoft.org/schema/mule/apikit" xmlns:http="http://www.mulesoft.org/schema/mule/http" xmlns:spring="http://www.springframework.org/schema/beans" xmlns:xsi="http://www.w3.org/2001/XMLSchema-instance" xsi:schemaLocation="http://www.mulesoft.org/schema/mule/core http://www.mulesoft.org/schema/mule/core/current/mule.xsd
http://www.mulesoft.org/schema/mule/http http://www.mulesoft.org/schema/mule/http/current/mule-http.xsd
http://www.mulesoft.org/schema/mule/apikit http://www.mulesoft.org/schema/mule/apikit/current/mule-apikit.xsd
http://www.springframework.org/schema/beans http://www.springframework.org/schema/beans/spring-beans-3.1.xsd">
    <http:listener-config name="assignmentapi-httpListenerConfig" host="0.0.0.0" port="8081" doc:name="HTTP Listener Configuration"/>
    <apikit:config name="assignmentapi-config" raml="assignmentapi.raml" consoleEnabled="false" doc:name="Router"/>
    <flow name="assignmentapi-main">
        <http:listener config-ref="assignmentapi-httpListenerConfig" path="/api/*" doc:name="HTTP"/>
        <apikit:router config-ref="assignmentapi-config" doc:name="APIkit Router"/>
        <exception-strategy ref="assignmentapi-apiKitGlobalExceptionMapping" doc:name="Reference Exception Strategy"/>
    </flow>
    <flow name="assignmentapi-console">
        <http:listener config-ref="assignmentapi-httpListenerConfig" path="/console/*" doc:name="HTTP"/>
        <apikit:console config-ref="assignmentapi-config" doc:name="APIkit Console"/>
    </flow>
    <flow name="put:/customers/{customerId}:assignmentapi-config">
        <set-payload value="{&#xA;&quot;message&quot; : &quot;Customer Updated successfully.&quot;&#xA;}" doc:name="Set Payload"/>
    </flow>
    <flow name="put:/orders/{orderId}:application/json:assignmentapi-config">
        <set-payload value="{&#xA;&quot;message&quot; : &quot;Order details Updated successfully.&quot;&#xA;}" doc:name="Set Payload"/>
    </flow>
    <flow name="put:/products/{productId}:application/json:assignmentapi-config">
        <set-payload value="{&#xA;&quot;message&quot; : &quot;Product details Updated successfully.&quot;&#xA;}" doc:name="Set Payload"/>
    </flow>
    <flow name="delete:/customers/{customerId}:assignmentapi-config">
        <set-payload value="{&#xA;&quot;message&quot; : &quot;Customer Deleted successfully.&quot;&#xA;}" doc:name="Set Payload"/>
    </flow>
    <flow name="delete:/orders/{orderId}:assignmentapi-config">
        <set-payload value="{&#xA;&quot;message&quot; : &quot;Order Deleted successfully.&quot;&#xA;}" doc:name="Set Payload"/>
    </flow>
    <flow name="delete:/products/{productId}:assignmentapi-config">
        <set-payload value="{&#xA;&quot;message&quot; : &quot;Product Deleted successfully.&quot;&#xA;}" doc:name="Set Payload"/>
    </flow>
    <flow name="get:/customers:assignmentapi-config">
        <set-payload value="[{&quot;customerId&quot;:1,&quot;firstName&quot;:&quot;Priyanka&quot;,&quot;lastName&quot;:&quot;Mohapatra&quot;,&quot;address&quot;:&quot;Australia&quot;},{&quot;customerId&quot;:2,&quot;firstName&quot;:&quot;AAAA&quot;,&quot;lastName&quot;:&quot;XXXX&quot;,&quot;address&quot;:&quot;India&quot;},{&quot;customerId&quot;:3,&quot;firstName&quot;:&quot;BBBB&quot;,&quot;lastName&quot;:&quot;YYYY&quot;,&quot;address&quot;:&quot;America&quot;},{&quot;customerId&quot;:4,&quot;firstName&quot;:&quot;CCCC&quot;,&quot;lastName&quot;:&quot;ZZZZ&quot;,&quot;address&quot;:&quot;Canada&quot;}]" doc:name="Set Payload"/>
        <logger message="#[message.inboundProperties.'http.query.params'.customerId]" level="INFO" doc:name="Logger"/>
        <set-variable variableName="customer_Id" value="#[message.inboundProperties.'http.query.params'.customerId]" doc:name="Variable"/>
        <flow-ref name="customercachefileSubFlow" doc:name="Flow Reference"/>
        <logger message="#[message]" level="INFO" doc:name="Logger"/>
    </flow>
    <flow name="get:/orders:assignmentapi-config">
        <set-payload value="[&#xA;{&#xA;&quot;orderId&quot; : 1,&#xA;&quot;productId&quot; : 123,&#xA;&quot;customerId&quot; : 1,&#xA;&quot;firstName&quot; : &quot;Priyanka&quot;,&#xA;&quot;lastName&quot; : &quot;Mohapatra&quot;,&#xA;&quot;address&quot; : &quot;Australia&quot;&#xA;},&#xA;{&#xA;&quot;orderId&quot; : 2,&#xA;&quot;productId&quot; : 456,&#xA;&quot;customerId&quot; : 2,&#xA;&quot;firstName&quot; : &quot;AAAA&quot;,&#xA;&quot;lastName&quot; : &quot;XXXX&quot;,&#xA;&quot;address&quot; : &quot;India&quot;&#xA;},&#xA;{&#xA;&quot;orderId&quot; : 3,&#xA;&quot;productId&quot; : 789,&#xA;&quot;customerId&quot; : 3,&#xA;&quot;firstName&quot; : &quot;BBBB&quot;,&#xA;&quot;lastName&quot; : &quot;YYYY&quot;,&#xA;&quot;address&quot; : &quot;America&quot;&#xA;},&#xA;{&#xA;&quot;orderId&quot; : 4,&#xA;&quot;productId&quot; : 123,&#xA;&quot;customerId&quot; : 4,&#xA;&quot;firstName&quot; : &quot;CCCC&quot;,&#xA;&quot;lastName&quot; : &quot;ZZZZ&quot;,&#xA;&quot;address&quot; : &quot;Canada&quot;&#xA;}&#xA;]" doc:name="Set Payload"/>
    </flow>
    <flow name="get:/products:assignmentapi-config">
        <set-payload value="[&#xA;{&#xA;&quot;productId&quot; : 123,&#xA;&quot;productType&quot; : &quot;Book&quot;,&#xA;&quot;productName&quot; : &quot;Story Book&quot;,&#xA;&quot;productDesc&quot; : &quot;Story Book for class 1 Students&quot;,&#xA;&quot;priceAUS&quot; : 5&#xA;},&#xA;{&#xA;&quot;productId&quot; : 456,&#xA;&quot;productType&quot; : &quot;Toys&quot;,&#xA;&quot;productName&quot; : &quot;Car Toys&quot;,&#xA;&quot;productDesc&quot; : &quot;Toys for Kids&quot;,&#xA;&quot;priceAUS&quot; : 105.5&#xA;},&#xA;{&#xA;&quot;productId&quot; : 789,&#xA;&quot;productType&quot; : &quot;Dress&quot;,&#xA;&quot;productName&quot; : &quot;Jackets&quot;,&#xA;&quot;productDesc&quot; : &quot;Winter Jackets for boys&quot;,&#xA;&quot;priceAUS&quot; : 55.75&#xA;}&#xA;]" doc:name="Set Payload"/>
    </flow>
    <flow name="get:/customers/{customerId}:assignmentapi-config">
        <set-payload value="{&quot;customerId&quot;:1,&quot;firstName&quot;:&quot;Priyanka&quot;,&quot;lastName&quot;:&quot;Mohapatra&quot;,&quot;address&quot;:&quot;Australia&quot;}" doc:name="Set Payload"/>
    </flow>
    <flow name="get:/orders/{orderId}:assignmentapi-config">
        <set-payload value="{&quot;orderId&quot;:1,&quot;productId&quot;:123,&quot;customerId&quot;:1,&quot;firstName&quot;:&quot;Priyanka&quot;,&quot;lastName&quot;:&quot;Mohapatra&quot;,&quot;address&quot;:&quot;Australia&quot;}" doc:name="Set Payload"/>
    </flow>
    <flow name="get:/products/{productId}:assignmentapi-config">
        <set-payload value="{&quot;productId&quot;:123,&quot;productType&quot;:&quot;Book&quot;,&quot;productName&quot;:&quot;Story Book&quot;,&quot;productDesc&quot;:&quot;Story Book for class 1 Students&quot;,&quot;priceAUS&quot;:5}" doc:name="Set Payload"/>
    </flow>
    <flow name="post:/customers:application/json:assignmentapi-config">
        <set-property propertyName="Content-Type" value="application/json" doc:name="Property"/>
        <set-payload value="{&#xA;&quot;message&quot; : &quot;Error creating customer. Please check the JSON object and make sure it's valid.&quot;&#xA;}" doc:name="Set Payload"/>
    </flow>
    <flow name="post:/orders:application/json:assignmentapi-config">
        <set-property propertyName="Content-Type" value="application/json" doc:name="Property"/>
        <set-payload value="{&#xA;&quot;message&quot; : &quot;Error creating customer. Please check the JSON object and make sure it's valid.&quot;&#xA;}" doc:name="Set Payload"/>
    </flow>
    <flow name="post:/products:application/json:assignmentapi-config">
        <set-property propertyName="Content-Type" value="application/json" doc:name="Property"/>
        <set-payload value="{&#xA;&quot;message&quot; : &quot;Error creating customer. Please check the JSON object and make sure it's valid.&quot;&#xA;}" doc:name="Set Payload"/>
    </flow>
    <apikit:mapping-exception-strategy name="assignmentapi-apiKitGlobalExceptionMapping">
        <apikit:mapping statusCode="404">
            <apikit:exception value="org.mule.module.apikit.exception.NotFoundException" />
            <set-property propertyName="Content-Type" value="application/json" doc:name="Property"/>
            <set-payload value="{ &quot;message&quot;: &quot;Resource not found&quot; }" doc:name="Set Payload"/>
        </apikit:mapping>
        <apikit:mapping statusCode="405">
            <apikit:exception value="org.mule.module.apikit.exception.MethodNotAllowedException" />
            <set-property propertyName="Content-Type" value="application/json" doc:name="Property"/>
            <set-payload value="{ &quot;message&quot;: &quot;Method not allowed&quot; }" doc:name="Set Payload"/>
        </apikit:mapping>
        <apikit:mapping statusCode="415">
            <apikit:exception value="org.mule.module.apikit.exception.UnsupportedMediaTypeException" />
            <set-property propertyName="Content-Type" value="application/json" doc:name="Property"/>
            <set-payload value="{ &quot;message&quot;: &quot;Unsupported media type&quot; }" doc:name="Set Payload"/>
        </apikit:mapping>
        <apikit:mapping statusCode="406">
            <apikit:exception value="org.mule.module.apikit.exception.NotAcceptableException" />
            <set-property propertyName="Content-Type" value="application/json" doc:name="Property"/>
            <set-payload value="{ &quot;message&quot;: &quot;Not acceptable&quot; }" doc:name="Set Payload"/>
        </apikit:mapping>
        <apikit:mapping statusCode="400">
            <apikit:exception value="org.mule.module.apikit.exception.BadRequestException" />
            <set-property propertyName="Content-Type" value="application/json" doc:name="Property"/>
            <set-payload value="{ &quot;message&quot;: &quot;Bad request&quot; }" doc:name="Set Payload"/>
        </apikit:mapping>
    </apikit:mapping-exception-strategy>
</mule>
