<?xml version="1.0" encoding="UTF-8"?>

<mule xmlns:ee="http://www.mulesoft.org/schema/mule/ee/core" xmlns:tracking="http://www.mulesoft.org/schema/mule/ee/tracking" xmlns="http://www.mulesoft.org/schema/mule/core" xmlns:doc="http://www.mulesoft.org/schema/mule/documentation"
	xmlns:spring="http://www.springframework.org/schema/beans" 
	xmlns:xsi="http://www.w3.org/2001/XMLSchema-instance"
	xsi:schemaLocation="http://www.springframework.org/schema/beans http://www.springframework.org/schema/beans/spring-beans-current.xsd
http://www.mulesoft.org/schema/mule/core http://www.mulesoft.org/schema/mule/core/current/mule.xsd
http://www.mulesoft.org/schema/mule/ee/core http://www.mulesoft.org/schema/mule/ee/core/current/mule-ee.xsd
http://www.mulesoft.org/schema/mule/ee/tracking http://www.mulesoft.org/schema/mule/ee/tracking/current/mule-tracking-ee.xsd">
    <ee:object-store-caching-strategy name="Caching_Strategy" keyGenerationExpression="#[flowVars.customerId]" doc:name="Caching Strategy"/>
    <flow name="customercachefileSubFlow">
        <ee:cache doc:name="Cache" cachingStrategy-ref="Caching_Strategy">
            <logger level="INFO" doc:name="Logger" message="#[message.inboundProperties.'http.query.params'.customerId]"/>
            <set-payload value="[{&quot;customerId&quot;:1,&quot;firstName&quot;:&quot;Priyanka&quot;,&quot;lastName&quot;:&quot;Mohapatra&quot;,&quot;address&quot;:&quot;Australia&quot;},{&quot;customerId&quot;:2,&quot;firstName&quot;:&quot;AAAA&quot;,&quot;lastName&quot;:&quot;XXXX&quot;,&quot;address&quot;:&quot;India&quot;},{&quot;customerId&quot;:3,&quot;firstName&quot;:&quot;BBBB&quot;,&quot;lastName&quot;:&quot;YYYY&quot;,&quot;address&quot;:&quot;America&quot;},{&quot;customerId&quot;:4,&quot;firstName&quot;:&quot;CCCC&quot;,&quot;lastName&quot;:&quot;ZZZZ&quot;,&quot;address&quot;:&quot;Canada&quot;}]" doc:name="Set Payload"/>
            <logger level="INFO" doc:name="Logger" message="#[message.inboundProperties.'http.query.params'.customerId]"/>
        </ee:cache>
    </flow>
</mule>
